{
	"frames":[
		{"filename":"split","frame":{"x":0,"y":0,"w":400,"h":400},"rotated":"false","trimmed":"false","spriteSourceSize":{"x":0,"y":0,"w":400,"h":400},"sourceSize":{"w":400,"h":400}},
		{"filename":"blank","frame":{"x":401,"y":0,"w":400,"h":400},"rotated":"false","trimmed":"false","spriteSourceSize":{"x":0,"y":0,"w":400,"h":400},"sourceSize":{"w":400,"h":400}},
		{"filename":"53","frame":{"x":802,"y":0,"w":400,"h":400},"rotated":"false","trimmed":"false","spriteSourceSize":{"x":0,"y":0,"w":400,"h":400},"sourceSize":{"w":400,"h":400}},
		{"filename":"52ALT","frame":{"x":1203,"y":0,"w":400,"h":400},"rotated":"false","trimmed":"false","spriteSourceSize":{"x":0,"y":0,"w":400,"h":400},"sourceSize":{"w":400,"h":400}},
		{"filename":"52","frame":{"x":1604,"y":0,"w":400,"h":400},"rotated":"false","trimmed":"false","spriteSourceSize":{"x":0,"y":0,"w":400,"h":400},"sourceSize":{"w":400,"h":400}},
		{"filename":"51","frame":{"x":2005,"y":0,"w":400,"h":400},"rotated":"false","trimmed":"false","spriteSourceSize":{"x":0,"y":0,"w":400,"h":400},"sourceSize":{"w":400,"h":400}},
		{"filename":"50","frame":{"x":0,"y":401,"w":400,"h":400},"rotated":"false","trimmed":"false","spriteSourceSize":{"x":0,"y":0,"w":400,"h":400},"sourceSize":{"w":400,"h":400}},
		{"filename":"49","frame":{"x":401,"y":401,"w":400,"h":400},"rotated":"false","trimmed":"false","spriteSourceSize":{"x":0,"y":0,"w":400,"h":400},"sourceSize":{"w":400,"h":400}},
		{"filename":"48","frame":{"x":802,"y":401,"w":400,"h":400},"rotated":"false","trimmed":"false","spriteSourceSize":{"x":0,"y":0,"w":400,"h":400},"sourceSize":{"w":400,"h":400}},
		{"filename":"47","frame":{"x":1203,"y":401,"w":400,"h":400},"rotated":"false","trimmed":"false","spriteSourceSize":{"x":0,"y":0,"w":400,"h":400},"sourceSize":{"w":400,"h":400}},
		{"filename":"46","frame":{"x":1604,"y":401,"w":400,"h":400},"rotated":"false","trimmed":"false","spriteSourceSize":{"x":0,"y":0,"w":400,"h":400},"sourceSize":{"w":400,"h":400}},
		{"filename":"45","frame":{"x":2005,"y":401,"w":400,"h":400},"rotated":"false","trimmed":"false","spriteSourceSize":{"x":0,"y":0,"w":400,"h":400},"sourceSize":{"w":400,"h":400}},
		{"filename":"44","frame":{"x":0,"y":802,"w":400,"h":400},"rotated":"false","trimmed":"false","spriteSourceSize":{"x":0,"y":0,"w":400,"h":400},"sourceSize":{"w":400,"h":400}},
		{"filename":"43","frame":{"x":401,"y":802,"w":400,"h":400},"rotated":"false","trimmed":"false","spriteSourceSize":{"x":0,"y":0,"w":400,"h":400},"sourceSize":{"w":400,"h":400}},
		{"filename":"42","frame":{"x":802,"y":802,"w":400,"h":400},"rotated":"false","trimmed":"false","spriteSourceSize":{"x":0,"y":0,"w":400,"h":400},"sourceSize":{"w":400,"h":400}},
		{"filename":"41","frame":{"x":1203,"y":802,"w":400,"h":400},"rotated":"false","trimmed":"false","spriteSourceSize":{"x":0,"y":0,"w":400,"h":400},"sourceSize":{"w":400,"h":400}},
		{"filename":"40","frame":{"x":1604,"y":802,"w":400,"h":400},"rotated":"false","trimmed":"false","spriteSourceSize":{"x":0,"y":0,"w":400,"h":400},"sourceSize":{"w":400,"h":400}},
		{"filename":"39","frame":{"x":2005,"y":802,"w":400,"h":400},"rotated":"false","trimmed":"false","spriteSourceSize":{"x":0,"y":0,"w":400,"h":400},"sourceSize":{"w":400,"h":400}},
		{"filename":"38","frame":{"x":0,"y":1203,"w":400,"h":400},"rotated":"false","trimmed":"false","spriteSourceSize":{"x":0,"y":0,"w":400,"h":400},"sourceSize":{"w":400,"h":400}},
		{"filename":"37","frame":{"x":401,"y":1203,"w":400,"h":400},"rotated":"false","trimmed":"false","spriteSourceSize":{"x":0,"y":0,"w":400,"h":400},"sourceSize":{"w":400,"h":400}},
		{"filename":"36","frame":{"x":802,"y":1203,"w":400,"h":400},"rotated":"false","trimmed":"false","spriteSourceSize":{"x":0,"y":0,"w":400,"h":400},"sourceSize":{"w":400,"h":400}},
		{"filename":"35","frame":{"x":1203,"y":1203,"w":400,"h":400},"rotated":"false","trimmed":"false","spriteSourceSize":{"x":0,"y":0,"w":400,"h":400},"sourceSize":{"w":400,"h":400}},
		{"filename":"34","frame":{"x":1604,"y":1203,"w":400,"h":400},"rotated":"false","trimmed":"false","spriteSourceSize":{"x":0,"y":0,"w":400,"h":400},"sourceSize":{"w":400,"h":400}},
		{"filename":"33","frame":{"x":2005,"y":1203,"w":400,"h":400},"rotated":"false","trimmed":"false","spriteSourceSize":{"x":0,"y":0,"w":400,"h":400},"sourceSize":{"w":400,"h":400}},
		{"filename":"32","frame":{"x":0,"y":1604,"w":400,"h":400},"rotated":"false","trimmed":"false","spriteSourceSize":{"x":0,"y":0,"w":400,"h":400},"sourceSize":{"w":400,"h":400}},
		{"filename":"29","frame":{"x":401,"y":1604,"w":400,"h":400},"rotated":"false","trimmed":"false","spriteSourceSize":{"x":0,"y":0,"w":400,"h":400},"sourceSize":{"w":400,"h":400}},
		{"filename":"28","frame":{"x":802,"y":1604,"w":400,"h":400},"rotated":"false","trimmed":"false","spriteSourceSize":{"x":0,"y":0,"w":400,"h":400},"sourceSize":{"w":400,"h":400}},
		{"filename":"27","frame":{"x":1203,"y":1604,"w":400,"h":400},"rotated":"false","trimmed":"false","spriteSourceSize":{"x":0,"y":0,"w":400,"h":400},"sourceSize":{"w":400,"h":400}},
		{"filename":"25","frame":{"x":1604,"y":1604,"w":400,"h":400},"rotated":"false","trimmed":"false","spriteSourceSize":{"x":0,"y":0,"w":400,"h":400},"sourceSize":{"w":400,"h":400}},
		{"filename":"21","frame":{"x":2005,"y":1604,"w":400,"h":400},"rotated":"false","trimmed":"false","spriteSourceSize":{"x":0,"y":0,"w":400,"h":400},"sourceSize":{"w":400,"h":400}},
		{"filename":"20","frame":{"x":0,"y":2005,"w":400,"h":400},"rotated":"false","trimmed":"false","spriteSourceSize":{"x":0,"y":0,"w":400,"h":400},"sourceSize":{"w":400,"h":400}},
		{"filename":"19","frame":{"x":401,"y":2005,"w":400,"h":400},"rotated":"false","trimmed":"false","spriteSourceSize":{"x":0,"y":0,"w":400,"h":400},"sourceSize":{"w":400,"h":400}},
		{"filename":"18","frame":{"x":802,"y":2005,"w":400,"h":400},"rotated":"false","trimmed":"false","spriteSourceSize":{"x":0,"y":0,"w":400,"h":400},"sourceSize":{"w":400,"h":400}},
		{"filename":"17","frame":{"x":1203,"y":2005,"w":400,"h":400},"rotated":"false","trimmed":"false","spriteSourceSize":{"x":0,"y":0,"w":400,"h":400},"sourceSize":{"w":400,"h":400}},
		{"filename":"16","frame":{"x":1604,"y":2005,"w":400,"h":400},"rotated":"false","trimmed":"false","spriteSourceSize":{"x":0,"y":0,"w":400,"h":400},"sourceSize":{"w":400,"h":400}},
		{"filename":"13","frame":{"x":2005,"y":2005,"w":400,"h":400},"rotated":"false","trimmed":"false","spriteSourceSize":{"x":0,"y":0,"w":400,"h":400},"sourceSize":{"w":400,"h":400}},
		{"filename":"12","frame":{"x":0,"y":2406,"w":400,"h":400},"rotated":"false","trimmed":"false","spriteSourceSize":{"x":0,"y":0,"w":400,"h":400},"sourceSize":{"w":400,"h":400}},
		{"filename":"9","frame":{"x":401,"y":2406,"w":400,"h":400},"rotated":"false","trimmed":"false","spriteSourceSize":{"x":0,"y":0,"w":400,"h":400},"sourceSize":{"w":400,"h":400}},
		{"filename":"8","frame":{"x":802,"y":2406,"w":400,"h":400},"rotated":"false","trimmed":"false","spriteSourceSize":{"x":0,"y":0,"w":400,"h":400},"sourceSize":{"w":400,"h":400}},
		{"filename":"3","frame":{"x":1203,"y":2406,"w":400,"h":400},"rotated":"false","trimmed":"false","spriteSourceSize":{"x":0,"y":0,"w":400,"h":400},"sourceSize":{"w":400,"h":400}},
		{"filename":"Background","frame":{"x":1604,"y":2406,"w":400,"h":400},"rotated":"false","trimmed":"false","spriteSourceSize":{"x":0,"y":0,"w":400,"h":400},"sourceSize":{"w":400,"h":400}}
	]
	"meta":{
		"app":"https://github.com/BdR76/GimpSpriteAtlas/",
		"version":"GIMP SpriteAtlas plug-in v0.1",
		"image":"keysincomplete.png",
		"size":{"w":2405,"h":2806},
		"scale":1
	}
]